"playerName","Map.Menu.Node.Speed","Chat.Log.Menu.Node.Speed","Crash.Diagnostics.Menu.Node.Speed"
"JG1 UX1",0.566666666666667,0,0
"JG2 UX2",1.11666666666667,0.7,0
"JG3 UX3",145222.133333333,0,0.05
"JG4 UX4",32.9333333333333,0,0
"JG6 UX6",45.0333333333333,0,0
"JG7 UX7",129595.2,0,0
"JG8 UX8",35.8166666666667,0,0
