"playerName","share_MFreq","share_QFreq","share_TabFreq","share_BFreq","share_CFreq"
"JG1 UX1",0.875,0.125,0,0,0
"JG2 UX2",0.875,0,0.125,0,0
"JG3 UX3",1,0,0,0,0
"JG4 UX4",0.85,0.1,0,0.05,0
"JG5 UX5",0.857142857142857,0,0.142857142857143,0,0
"JG6 UX6",1,0,0,0,0
"JG7 UX7",0.545454545454545,0,0.227272727272727,0.0454545454545455,0.181818181818182
"JG8 UX8",0.863636363636364,0,0,0.0454545454545455,0.0909090909090909
"JG9 UX9",1,0,0,0,0
